Datetime,Water Level (m)
2025-08-30 00:00:00,0.2616736
2025-08-30 01:00:00,0.098264344
2025-08-30 02:00:00,0.009965065
2025-08-30 03:00:00,-3.3784792e-05
2025-08-30 04:00:00,0.12229594
2025-08-30 05:00:00,0.4085232
2025-08-30 06:00:00,0.6528887
2025-08-30 07:00:00,0.79070675
2025-08-30 08:00:00,0.8545312
2025-08-30 09:00:00,0.8157152
2025-08-30 10:00:00,0.64578557
2025-08-30 11:00:00,0.38957396
2025-08-30 12:00:00,0.17770317
2025-08-30 13:00:00,0.02331214
2025-08-30 14:00:00,-0.08311539
2025-08-30 15:00:00,-0.11951097
2025-08-30 16:00:00,-0.023993416
2025-08-30 17:00:00,0.22846782
2025-08-30 18:00:00,0.47057247
2025-08-30 19:00:00,0.637414
2025-08-30 20:00:00,0.76489633
2025-08-30 21:00:00,0.83506066
2025-08-30 22:00:00,0.8087456
2025-08-30 23:00:00,0.6723437
2025-08-31 00:00:00,0.4865886
2025-08-31 01:00:00,0.3450857
2025-08-31 02:00:00,0.24950887
2025-08-31 03:00:00,0.19612396
2025-08-31 04:00:00,0.21084942
2025-08-31 05:00:00,0.3315567
2025-08-31 06:00:00,0.5096477
2025-08-31 07:00:00,0.62764317
2025-08-31 08:00:00,0.6941451
2025-08-31 09:00:00,0.70944446
2025-08-31 10:00:00,0.64629644
2025-08-31 11:00:00,0.49737433
2025-08-31 12:00:00,0.3140796
2025-08-31 13:00:00,0.17155236
2025-08-31 14:00:00,0.0749725
2025-08-31 15:00:00,0.020389143
2025-08-31 16:00:00,0.029092738
2025-08-31 17:00:00,0.1389591
2025-08-31 18:00:00,0.33727545
2025-08-31 19:00:00,0.4991629
2025-08-31 20:00:00,0.612175
2025-08-31 21:00:00,0.70530456
2025-08-31 22:00:00,0.756808
2025-08-31 23:00:00,0.73698604
2025-09-01 00:00:00,0.6439001
2025-09-01 01:00:00,0.52013797
2025-09-01 02:00:00,0.4349481
2025-09-01 03:00:00,0.39020893
2025-09-01 04:00:00,0.35484457
2025-09-01 05:00:00,0.358427
2025-09-01 06:00:00,0.4104317
2025-09-01 07:00:00,0.46635705
2025-09-01 08:00:00,0.51550525
2025-09-01 09:00:00,0.5803493
2025-09-01 10:00:00,0.6085364
2025-09-01 11:00:00,0.59108275
2025-09-01 12:00:00,0.49279276
2025-09-01 13:00:00,0.36680076
2025-09-01 14:00:00,0.2452462
2025-09-01 15:00:00,0.15749614
2025-09-01 16:00:00,0.11585804
2025-09-01 17:00:00,0.12913066
2025-09-01 18:00:00,0.22952253
2025-09-01 19:00:00,0.37073117
2025-09-01 20:00:00,0.5094019
2025-09-01 21:00:00,0.631057
2025-09-01 22:00:00,0.7106632
2025-09-01 23:00:00,0.7852654
2025-09-02 00:00:00,0.83753127
2025-09-02 01:00:00,0.8437219
2025-09-02 02:00:00,0.80765647
2025-09-02 03:00:00,0.7224249
2025-09-02 04:00:00,0.61916214
2025-09-02 05:00:00,0.5305488
2025-09-02 06:00:00,0.4714984
2025-09-02 07:00:00,0.44435856
2025-09-02 08:00:00,0.43926343
2025-09-02 09:00:00,0.46771163
2025-09-02 10:00:00,0.53457046
2025-09-02 11:00:00,0.6200058
2025-09-02 12:00:00,0.6572032
2025-09-02 13:00:00,0.64879286
2025-09-02 14:00:00,0.6056737
2025-09-02 15:00:00,0.5223628
2025-09-02 16:00:00,0.4191806
2025-09-02 17:00:00,0.32036385
2025-09-02 18:00:00,0.26221165
2025-09-02 19:00:00,0.26051494
2025-09-02 20:00:00,0.3278463
2025-09-02 21:00:00,0.45644757
2025-09-02 22:00:00,0.653268
2025-09-02 23:00:00,0.8433913
2025-09-03 00:00:00,0.97546
2025-09-03 01:00:00,1.059337
2025-09-03 02:00:00,1.0963093
2025-09-03 03:00:00,1.0530295
2025-09-03 04:00:00,0.93331546
2025-09-03 05:00:00,0.8032153
2025-09-03 06:00:00,0.6618203
2025-09-03 07:00:00,0.5358227
2025-09-03 08:00:00,0.4564923
2025-09-03 09:00:00,0.43340695
2025-09-03 10:00:00,0.48337474
2025-09-03 11:00:00,0.61681074
2025-09-03 12:00:00,0.777582
2025-09-03 13:00:00,0.87473804
2025-09-03 14:00:00,0.9038647
2025-09-03 15:00:00,0.87804437
2025-09-03 16:00:00,0.75527066
2025-09-03 17:00:00,0.5699723
2025-09-03 18:00:00,0.39490318
2025-09-03 19:00:00,0.25568214
2025-09-03 20:00:00,0.1728605
2025-09-03 21:00:00,0.17797618
2025-09-03 22:00:00,0.32332927
2025-09-03 23:00:00,0.62013626
2025-09-04 00:00:00,0.8857139
2025-09-04 01:00:00,1.0625153
2025-09-04 02:00:00,1.1744221
2025-09-04 03:00:00,1.2117707
2025-09-04 04:00:00,1.1383941
2025-09-04 05:00:00,0.93490815
2025-09-04 06:00:00,0.7028668
2025-09-04 07:00:00,0.49385148
2025-09-04 08:00:00,0.32563677
2025-09-04 09:00:00,0.21043815
2025-09-04 10:00:00,0.17600389
2025-09-04 11:00:00,0.29726034
2025-09-04 12:00:00,0.5850262
2025-09-04 13:00:00,0.80463433
2025-09-04 14:00:00,0.9306677
2025-09-04 15:00:00,0.98556066
2025-09-04 16:00:00,0.9221134
2025-09-04 17:00:00,0.70967525
2025-09-04 18:00:00,0.44208136
2025-09-04 19:00:00,0.2223877
2025-09-04 20:00:00,0.05057813
2025-09-04 21:00:00,-0.066531286
2025-09-04 22:00:00,-0.07674853
2025-09-04 23:00:00,0.17160554
2025-09-05 00:00:00,0.6143436
